0,100, generated, node, -
0,101, generated, node, -
0, 100,Appended, Transaction, 2301
2, 100,Appended, Transaction, 2302
6, 100,Appended, Transaction, 2303
9, 100,Appended, Transaction, 2304
12, 100,Appended, Transaction, 2305
15, 100,Appended, Transaction, 2306
17, 100,Appended, Transaction, 2307
20, 100,Appended, Transaction, 2308
24, 100,Appended, Transaction, 2309
26, 100,Appended, Transaction, 2310
30, 100,Appended, Transaction, 2311
32, 100,Appended, Transaction, 2312
35, 100,Appended, Transaction, 2313
38, 100,Appended, Transaction, 2314
41, 100,Appended, Transaction, 2315
44, 100,Appended, Transaction, 2316
47, 100,Appended, Transaction, 2317
Simulation ended
